{
  "id": "3932032",
  "name": "3月5日",
  "font_family": "iconfont",
  "css_prefix_text": "icon-",
  "description": "",
  "glyphs": [
    {
      "icon_id": "6239018",
      "name": "语文",
      "font_class": "yuwen",
      "unicode": "e640",
      "unicode_decimal": 58944
    },
    {
      "icon_id": "14223716",
      "name": "文物",
      "font_class": "wenwu",
      "unicode": "e756",
      "unicode_decimal": 59222
    },
    {
      "icon_id": "755574",
      "name": "物理世界",
      "font_class": "physics-world",
      "unicode": "e63d",
      "unicode_decimal": 58941
    },
    {
      "icon_id": "6239033",
      "name": "数学",
      "font_class": "shuxue",
      "unicode": "e63e",
      "unicode_decimal": 58942
    },
    {
      "icon_id": "6239035",
      "name": "英语",
      "font_class": "yingyu",
      "unicode": "e63f",
      "unicode_decimal": 58943
    },
    {
      "icon_id": "6319122",
      "name": "文物古迹",
      "font_class": "wenwuguji",
      "unicode": "e673",
      "unicode_decimal": 58995
    },
    {
      "icon_id": "8027283",
      "name": "档案文物",
      "font_class": "danganwenwu",
      "unicode": "e619",
      "unicode_decimal": 58905
    },
    {
      "icon_id": "10036001",
      "name": "生物",
      "font_class": "shengwu",
      "unicode": "e74b",
      "unicode_decimal": 59211
    },
    {
      "icon_id": "10036006",
      "name": "政治",
      "font_class": "zhengzhi",
      "unicode": "e74c",
      "unicode_decimal": 59212
    },
    {
      "icon_id": "18165328",
      "name": "量杯,测验,化学",
      "font_class": "cup",
      "unicode": "e887",
      "unicode_decimal": 59527
    },
    {
      "icon_id": "18170929",
      "name": "地球,地理,全球",
      "font_class": "earth-full",
      "unicode": "e9ee",
      "unicode_decimal": 59886
    }
  ]
}
